employee_id,login_id,password,email
EMP-001,EMP001,123001,test.user@example.com
EMP-002,EMP002,123002,emp002@example.com
EMP-003,EMP003,123003,emp003@example.com
EMP-004,EMP004,123004,emp004@example.com
EMP-005,EMP005,123005,emp005@example.com
EMP-006,EMP006,123006,emp006@example.com
EMP-007,EMP007,123007,emp007@example.com
EMP-008,EMP008,123008,emp008@example.com
EMP-009,EMP009,123009,emp009@example.com
EMP-010,EMP010,123010,emp010@example.com
EMP-011,EMP011,123011,emp011@example.com
EMP-012,EMP012,123012,emp012@example.com
EMP-013,EMP013,123013,emp013@example.com
EMP-014,EMP014,123014,emp014@example.com
EMP-015,EMP015,123015,emp015@example.com
EMP-016,EMP016,123016,emp016@example.com
EMP-017,EMP017,123017,emp017@example.com
EMP-018,EMP018,123018,emp018@example.com
EMP-019,EMP019,123019,emp019@example.com
EMP-020,EMP020,123020,emp020@example.com
EMP-021,EMP021,123021,emp021@example.com
EMP-022,EMP022,123022,emp022@example.com
EMP-023,EMP023,123023,emp023@example.com
EMP-024,EMP024,123024,emp024@example.com
EMP-025,EMP025,123025,emp025@example.com
EMP-026,EMP026,123026,emp026@example.com
EMP-027,EMP027,123027,emp027@example.com
EMP-028,EMP028,123028,emp028@example.com
EMP-029,EMP029,123029,emp029@example.com
EMP-030,EMP030,123030,emp030@example.com
EMP-031,EMP031,123031,emp031@example.com
EMP-032,EMP032,123032,emp032@example.com
EMP-033,EMP033,123033,emp033@example.com
EMP-034,EMP034,123034,emp034@example.com
EMP-035,EMP035,123035,emp035@example.com
EMP-036,EMP036,123036,emp036@example.com
EMP-037,EMP037,123037,emp037@example.com
EMP-038,EMP038,123038,emp038@example.com
EMP-039,EMP039,123039,emp039@example.com
EMP-040,EMP040,123040,emp040@example.com
EMP-041,EMP041,123041,emp041@example.com
EMP-042,EMP042,123042,emp042@example.com
EMP-043,EMP043,123043,emp043@example.com
EMP-044,EMP044,123044,emp044@example.com
EMP-045,EMP045,123045,emp045@example.com
EMP-046,EMP046,123046,emp046@example.com
EMP-047,EMP047,123047,emp047@example.com
EMP-048,EMP048,123048,emp048@example.com
EMP-049,EMP049,123049,emp049@example.com
EMP-050,EMP050,123050,emp050@example.com
EMP-051,EMP051,123051,emp051@example.com
EMP-052,EMP052,123052,emp052@example.com
EMP-053,EMP053,123053,emp053@example.com
EMP-054,EMP054,123054,emp054@example.com
EMP-055,EMP055,123055,emp055@example.com
EMP-056,EMP056,123056,emp056@example.com
EMP-057,EMP057,123057,emp057@example.com
EMP-058,EMP058,123058,emp058@example.com
EMP-059,EMP059,123059,emp059@example.com
EMP-060,EMP060,123060,emp060@example.com
EMP-061,EMP061,123061,emp061@example.com
EMP-062,EMP062,123062,emp062@example.com
EMP-063,EMP063,123063,emp063@example.com
EMP-064,EMP064,123064,emp064@example.com
EMP-065,EMP065,123065,emp065@example.com
EMP-066,EMP066,123066,emp066@example.com
EMP-067,EMP067,123067,emp067@example.com
EMP-068,EMP068,123068,emp068@example.com
EMP-069,EMP069,123069,emp069@example.com
EMP-070,EMP070,123070,emp070@example.com
EMP-071,EMP071,123071,emp071@example.com
EMP-072,EMP072,123072,emp072@example.com
EMP-073,EMP073,123073,emp073@example.com
EMP-074,EMP074,123074,emp074@example.com
EMP-075,EMP075,123075,emp075@example.com
EMP-076,EMP076,123076,emp076@example.com
EMP-077,EMP077,123077,emp077@example.com
EMP-078,EMP078,123078,emp078@example.com
EMP-079,EMP079,123079,emp079@example.com
EMP-080,EMP080,123080,emp080@example.com
EMP-081,EMP081,123081,emp081@example.com
EMP-082,EMP082,123082,emp082@example.com
EMP-083,EMP083,123083,emp083@example.com
EMP-084,EMP084,123084,emp084@example.com
EMP-085,EMP085,123085,emp085@example.com
EMP-086,EMP086,123086,emp086@example.com
EMP-087,EMP087,123087,emp087@example.com
EMP-088,EMP088,123088,emp088@example.com
EMP-089,EMP089,123089,emp089@example.com
EMP-090,EMP090,123090,emp090@example.com
EMP-091,EMP091,123091,emp091@example.com
EMP-092,EMP092,123092,emp092@example.com
EMP-093,EMP093,123093,emp093@example.com
EMP-094,EMP094,123094,emp094@example.com
EMP-095,EMP095,123095,emp095@example.com
EMP-096,EMP096,123096,emp096@example.com
EMP-097,EMP097,123097,emp097@example.com
EMP-098,EMP098,123098,emp098@example.com
EMP-099,EMP099,123099,emp099@example.com
EMP-100,EMP100,123100,emp100@example.com
EMP-101,EMP101,123101,emp101@example.com
EMP-102,EMP102,123102,emp102@example.com
EMP-103,EMP103,123103,emp103@example.com
EMP-104,EMP104,123104,emp104@example.com
EMP-105,EMP105,123105,emp105@example.com
EMP-106,EMP106,123106,emp106@example.com
EMP-107,EMP107,123107,emp107@example.com
EMP-108,EMP108,123108,emp108@example.com
EMP-109,EMP109,123109,emp109@example.com
EMP-110,EMP110,123110,emp110@example.com
EMP-111,EMP111,123111,emp111@example.com
EMP-112,EMP112,123112,emp112@example.com
EMP-113,EMP113,123113,emp113@example.com
EMP-114,EMP114,123114,emp114@example.com
EMP-115,EMP115,123115,emp115@example.com
EMP-116,EMP116,123116,emp116@example.com
EMP-117,EMP117,123117,emp117@example.com
EMP-118,EMP118,123118,emp118@example.com
EMP-119,EMP119,123119,emp119@example.com
EMP-120,EMP120,123120,emp120@example.com
EMP-121,EMP121,123121,emp121@example.com
EMP-122,EMP122,123122,emp122@example.com
EMP-123,EMP123,123123,emp123@example.com
EMP-124,EMP124,123124,emp124@example.com
EMP-125,EMP125,123125,emp125@example.com
EMP-126,EMP126,123126,emp126@example.com
EMP-127,EMP127,123127,emp127@example.com
EMP-128,EMP128,123128,emp128@example.com
EMP-129,EMP129,123129,emp129@example.com
EMP-130,EMP130,123130,emp130@example.com
EMP-131,EMP131,123131,emp131@example.com
EMP-132,EMP132,123132,emp132@example.com
EMP-133,EMP133,123133,emp133@example.com
EMP-134,EMP134,123134,emp134@example.com
EMP-135,EMP135,123135,emp135@example.com
EMP-136,EMP136,123136,emp136@example.com
EMP-137,EMP137,123137,emp137@example.com
EMP-138,EMP138,123138,emp138@example.com
EMP-139,EMP139,123139,emp139@example.com
EMP-140,EMP140,123140,emp140@example.com
EMP-141,EMP141,123141,emp141@example.com
EMP-142,EMP142,123142,emp142@example.com
EMP-143,EMP143,123143,emp143@example.com
EMP-144,EMP144,123144,emp144@example.com
EMP-145,EMP145,123145,emp145@example.com
EMP-146,EMP146,123146,emp146@example.com
EMP-147,EMP147,123147,emp147@example.com
EMP-148,EMP148,123148,emp148@example.com
EMP-149,EMP149,123149,emp149@example.com
EMP-150,EMP150,123150,emp150@example.com
EMP-151,EMP151,123151,emp151@example.com
EMP-152,EMP152,123152,emp152@example.com
EMP-153,EMP153,123153,emp153@example.com
EMP-154,EMP154,123154,emp154@example.com
EMP-155,EMP155,123155,emp155@example.com
EMP-156,EMP156,123156,emp156@example.com
EMP-157,EMP157,123157,emp157@example.com
EMP-158,EMP158,123158,emp158@example.com
EMP-159,EMP159,123159,emp159@example.com
EMP-160,EMP160,123160,emp160@example.com
EMP-161,EMP161,123161,emp161@example.com
EMP-162,EMP162,123162,emp162@example.com
EMP-163,EMP163,123163,emp163@example.com
EMP-164,EMP164,123164,emp164@example.com
EMP-165,EMP165,123165,emp165@example.com
EMP-166,EMP166,123166,emp166@example.com
EMP-167,EMP167,123167,emp167@example.com
EMP-168,EMP168,123168,emp168@example.com
EMP-169,EMP169,123169,emp169@example.com
EMP-170,EMP170,123170,emp170@example.com
EMP-171,EMP171,123171,emp171@example.com
EMP-172,EMP172,123172,emp172@example.com
EMP-173,EMP173,123173,emp173@example.com
EMP-174,EMP174,123174,emp174@example.com
EMP-175,EMP175,123175,emp175@example.com
EMP-176,EMP176,123176,emp176@example.com
EMP-177,EMP177,123177,emp177@example.com
EMP-178,EMP178,123178,emp178@example.com
EMP-179,EMP179,123179,emp179@example.com
EMP-180,EMP180,123180,emp180@example.com
EMP-181,EMP181,123181,emp181@example.com
EMP-182,EMP182,123182,emp182@example.com
EMP-183,EMP183,123183,emp183@example.com
EMP-184,EMP184,123184,emp184@example.com
EMP-185,EMP185,123185,emp185@example.com
EMP-186,EMP186,123186,emp186@example.com
EMP-187,EMP187,123187,emp187@example.com
EMP-188,EMP188,123188,emp188@example.com
EMP-189,EMP189,123189,emp189@example.com
EMP-190,EMP190,123190,emp190@example.com
EMP-191,EMP191,123191,emp191@example.com
EMP-192,EMP192,123192,emp192@example.com
EMP-193,EMP193,123193,emp193@example.com
EMP-194,EMP194,123194,emp194@example.com
EMP-195,EMP195,123195,emp195@example.com
EMP-196,EMP196,123196,emp196@example.com
EMP-197,EMP197,123197,emp197@example.com
EMP-198,EMP198,123198,emp198@example.com
EMP-199,EMP199,123199,emp199@example.com
EMP-200,EMP200,123200,emp200@example.com
EMP-201,EMP201,123201,emp201@example.com
EMP-202,EMP202,123202,emp202@example.com
EMP-203,EMP203,123203,emp203@example.com
EMP-204,EMP204,123204,emp204@example.com
EMP-205,EMP205,123205,emp205@example.com
EMP-206,EMP206,123206,emp206@example.com
EMP-207,EMP207,123207,emp207@example.com
EMP-208,EMP208,123208,emp208@example.com
EMP-209,EMP209,123209,emp209@example.com
EMP-210,EMP210,123210,emp210@example.com
EMP-211,EMP211,123211,emp211@example.com
EMP-212,EMP212,123212,emp212@example.com
EMP-213,EMP213,123213,emp213@example.com
EMP-214,EMP214,123214,emp214@example.com
EMP-215,EMP215,123215,emp215@example.com
EMP-216,EMP216,123216,emp216@example.com
EMP-217,EMP217,123217,emp217@example.com
EMP-218,EMP218,123218,emp218@example.com
EMP-219,EMP219,123219,emp219@example.com
EMP-220,EMP220,123220,emp220@example.com
EMP-221,EMP221,123221,emp221@example.com
EMP-222,EMP222,123222,emp222@example.com
EMP-223,EMP223,123223,emp223@example.com
EMP-224,EMP224,123224,emp224@example.com
EMP-225,EMP225,123225,emp225@example.com
EMP-226,EMP226,123226,emp226@example.com
EMP-227,EMP227,123227,emp227@example.com
EMP-228,EMP228,123228,emp228@example.com
EMP-229,EMP229,123229,emp229@example.com
EMP-230,EMP230,123230,emp230@example.com
EMP-231,EMP231,123231,emp231@example.com
EMP-232,EMP232,123232,emp232@example.com
EMP-233,EMP233,123233,emp233@example.com
EMP-234,EMP234,123234,emp234@example.com
EMP-235,EMP235,123235,emp235@example.com
EMP-236,EMP236,123236,emp236@example.com
EMP-237,EMP237,123237,emp237@example.com
EMP-238,EMP238,123238,emp238@example.com
EMP-239,EMP239,123239,emp239@example.com
EMP-240,EMP240,123240,emp240@example.com
EMP-241,EMP241,123241,emp241@example.com
EMP-242,EMP242,123242,emp242@example.com
EMP-243,EMP243,123243,emp243@example.com
EMP-244,EMP244,123244,emp244@example.com
EMP-245,EMP245,123245,emp245@example.com
EMP-246,EMP246,123246,emp246@example.com
EMP-247,EMP247,123247,emp247@example.com
EMP-248,EMP248,123248,emp248@example.com
EMP-249,EMP249,123249,emp249@example.com
EMP-250,EMP250,123250,emp250@example.com
EMP-251,EMP251,123251,emp251@example.com
EMP-252,EMP252,123252,emp252@example.com
EMP-253,EMP253,123253,emp253@example.com
EMP-254,EMP254,123254,emp254@example.com
EMP-255,EMP255,123255,emp255@example.com
EMP-256,EMP256,123256,emp256@example.com
EMP-257,EMP257,123257,emp257@example.com
EMP-258,EMP258,123258,emp258@example.com
EMP-259,EMP259,123259,emp259@example.com
EMP-260,EMP260,123260,emp260@example.com
EMP-261,EMP261,123261,emp261@example.com
EMP-262,EMP262,123262,emp262@example.com
EMP-263,EMP263,123263,emp263@example.com
EMP-264,EMP264,123264,emp264@example.com
EMP-265,EMP265,123265,emp265@example.com
EMP-266,EMP266,123266,emp266@example.com
EMP-267,EMP267,123267,emp267@example.com
EMP-268,EMP268,123268,emp268@example.com
EMP-269,EMP269,123269,emp269@example.com
EMP-270,EMP270,123270,emp270@example.com
EMP-271,EMP271,123271,emp271@example.com
EMP-272,EMP272,123272,emp272@example.com
EMP-273,EMP273,123273,emp273@example.com
EMP-274,EMP274,123274,emp274@example.com
EMP-275,EMP275,123275,emp275@example.com
EMP-276,EMP276,123276,emp276@example.com
EMP-277,EMP277,123277,emp277@example.com
EMP-278,EMP278,123278,emp278@example.com
EMP-279,EMP279,123279,emp279@example.com
EMP-280,EMP280,123280,emp280@example.com
EMP-281,EMP281,123281,emp281@example.com
EMP-282,EMP282,123282,emp282@example.com
EMP-283,EMP283,123283,emp283@example.com
EMP-284,EMP284,123284,emp284@example.com
EMP-285,EMP285,123285,emp285@example.com
EMP-286,EMP286,123286,emp286@example.com
EMP-287,EMP287,123287,emp287@example.com
EMP-288,EMP288,123288,emp288@example.com
EMP-289,EMP289,123289,emp289@example.com
EMP-290,EMP290,123290,emp290@example.com
EMP-291,EMP291,123291,emp291@example.com
EMP-292,EMP292,123292,emp292@example.com
EMP-293,EMP293,123293,emp293@example.com
EMP-294,EMP294,123294,emp294@example.com
EMP-295,EMP295,123295,emp295@example.com
EMP-296,EMP296,123296,emp296@example.com
EMP-297,EMP297,123297,emp297@example.com
EMP-298,EMP298,123298,emp298@example.com
EMP-299,EMP299,123299,emp299@example.com
EMP-300,EMP300,123300,emp300@example.com
EMP-301,EMP301,123301,emp301@example.com
EMP-302,EMP302,123302,emp302@example.com
EMP-303,EMP303,123303,emp303@example.com
EMP-304,EMP304,123304,emp304@example.com
EMP-305,EMP305,123305,emp305@example.com
EMP-306,EMP306,123306,emp306@example.com
EMP-307,EMP307,123307,emp307@example.com
EMP-308,EMP308,123308,emp308@example.com
EMP-309,EMP309,123309,emp309@example.com
EMP-310,EMP310,123310,emp310@example.com
EMP-311,EMP311,123311,emp311@example.com
EMP-312,EMP312,123312,emp312@example.com
EMP-313,EMP313,123313,emp313@example.com
EMP-314,EMP314,123314,emp314@example.com
EMP-315,EMP315,123315,emp315@example.com
EMP-316,EMP316,123316,emp316@example.com
EMP-317,EMP317,123317,emp317@example.com
EMP-318,EMP318,123318,emp318@example.com
EMP-319,EMP319,123319,emp319@example.com
EMP-320,EMP320,123320,emp320@example.com
EMP-321,EMP321,123321,emp321@example.com
EMP-322,EMP322,123322,emp322@example.com
EMP-323,EMP323,123323,emp323@example.com
EMP-324,EMP324,123324,emp324@example.com
EMP-325,EMP325,123325,emp325@example.com
EMP-326,EMP326,123326,emp326@example.com
EMP-327,EMP327,123327,emp327@example.com
EMP-328,EMP328,123328,emp328@example.com
EMP-329,EMP329,123329,emp329@example.com
EMP-330,EMP330,123330,emp330@example.com
EMP-331,EMP331,123331,emp331@example.com
EMP-332,EMP332,123332,emp332@example.com
EMP-333,EMP333,123333,emp333@example.com
EMP-334,EMP334,123334,emp334@example.com
EMP-335,EMP335,123335,emp335@example.com
EMP-336,EMP336,123336,emp336@example.com
EMP-337,EMP337,123337,emp337@example.com
EMP-338,EMP338,123338,emp338@example.com
EMP-339,EMP339,123339,emp339@example.com
EMP-340,EMP340,123340,emp340@example.com
EMP-341,EMP341,123341,emp341@example.com
EMP-342,EMP342,123342,emp342@example.com
EMP-343,EMP343,123343,emp343@example.com
EMP-344,EMP344,123344,emp344@example.com
EMP-345,EMP345,123345,emp345@example.com
EMP-346,EMP346,123346,emp346@example.com
EMP-347,EMP347,123347,emp347@example.com
EMP-348,EMP348,123348,emp348@example.com
EMP-349,EMP349,123349,emp349@example.com
EMP-350,EMP350,123350,emp350@example.com
EMP-351,EMP351,123351,emp351@example.com
EMP-352,EMP352,123352,emp352@example.com
EMP-353,EMP353,123353,emp353@example.com
EMP-354,EMP354,123354,emp354@example.com
EMP-355,EMP355,123355,emp355@example.com
EMP-356,EMP356,123356,emp356@example.com
EMP-357,EMP357,123357,emp357@example.com
EMP-358,EMP358,123358,emp358@example.com
EMP-359,EMP359,123359,emp359@example.com
EMP-360,EMP360,123360,emp360@example.com
EMP-361,EMP361,123361,emp361@example.com
EMP-362,EMP362,123362,emp362@example.com
EMP-363,EMP363,123363,emp363@example.com
EMP-364,EMP364,123364,emp364@example.com
EMP-365,EMP365,123365,emp365@example.com
EMP-366,EMP366,123366,emp366@example.com
EMP-367,EMP367,123367,emp367@example.com
EMP-368,EMP368,123368,emp368@example.com
EMP-369,EMP369,123369,emp369@example.com
EMP-370,EMP370,123370,emp370@example.com
EMP-371,EMP371,123371,emp371@example.com
EMP-372,EMP372,123372,emp372@example.com
EMP-373,EMP373,123373,emp373@example.com
EMP-374,EMP374,123374,emp374@example.com
EMP-375,EMP375,123375,emp375@example.com
EMP-376,EMP376,123376,emp376@example.com
EMP-377,EMP377,123377,emp377@example.com
EMP-378,EMP378,123378,emp378@example.com
EMP-379,EMP379,123379,emp379@example.com
EMP-380,EMP380,123380,emp380@example.com
EMP-381,EMP381,123381,emp381@example.com
EMP-382,EMP382,123382,emp382@example.com
EMP-383,EMP383,123383,emp383@example.com
EMP-384,EMP384,123384,emp384@example.com
EMP-385,EMP385,123385,emp385@example.com
EMP-386,EMP386,123386,emp386@example.com
EMP-387,EMP387,123387,emp387@example.com
EMP-388,EMP388,123388,emp388@example.com
EMP-389,EMP389,123389,emp389@example.com
EMP-390,EMP390,123390,emp390@example.com
EMP-391,EMP391,123391,emp391@example.com
EMP-392,EMP392,123392,emp392@example.com
EMP-393,EMP393,123393,emp393@example.com
EMP-394,EMP394,123394,emp394@example.com
EMP-395,EMP395,123395,emp395@example.com
EMP-396,EMP396,123396,emp396@example.com
EMP-397,EMP397,123397,emp397@example.com
EMP-398,EMP398,123398,emp398@example.com
EMP-399,EMP399,123399,emp399@example.com
EMP-400,EMP400,123400,emp400@example.com
EMP-401,EMP401,123401,emp401@example.com
EMP-402,EMP402,123402,emp402@example.com
EMP-403,EMP403,123403,emp403@example.com
EMP-404,EMP404,123404,emp404@example.com
EMP-405,EMP405,123405,emp405@example.com
EMP-406,EMP406,123406,emp406@example.com
EMP-407,EMP407,123407,emp407@example.com
EMP-408,EMP408,123408,emp408@example.com
EMP-409,EMP409,123409,emp409@example.com
EMP-410,EMP410,123410,emp410@example.com
EMP-411,EMP411,123411,emp411@example.com
EMP-412,EMP412,123412,emp412@example.com
EMP-413,EMP413,123413,emp413@example.com
EMP-414,EMP414,123414,emp414@example.com
EMP-415,EMP415,123415,emp415@example.com
EMP-416,EMP416,123416,emp416@example.com
EMP-417,EMP417,123417,emp417@example.com
EMP-418,EMP418,123418,emp418@example.com
EMP-419,EMP419,123419,emp419@example.com
EMP-420,EMP420,123420,emp420@example.com
EMP-421,EMP421,123421,emp421@example.com
EMP-422,EMP422,123422,emp422@example.com
EMP-423,EMP423,123423,emp423@example.com
EMP-424,EMP424,123424,emp424@example.com
EMP-425,EMP425,123425,emp425@example.com
EMP-426,EMP426,123426,emp426@example.com
EMP-427,EMP427,123427,emp427@example.com
EMP-428,EMP428,123428,emp428@example.com
EMP-429,EMP429,123429,emp429@example.com
EMP-430,EMP430,123430,emp430@example.com
EMP-431,EMP431,123431,emp431@example.com
EMP-432,EMP432,123432,emp432@example.com
EMP-433,EMP433,123433,emp433@example.com
EMP-434,EMP434,123434,emp434@example.com
EMP-435,EMP435,123435,emp435@example.com
EMP-436,EMP436,123436,emp436@example.com
EMP-437,EMP437,123437,emp437@example.com
EMP-438,EMP438,123438,emp438@example.com
EMP-439,EMP439,123439,emp439@example.com
EMP-440,EMP440,123440,emp440@example.com
EMP-441,EMP441,123441,emp441@example.com
EMP-442,EMP442,123442,emp442@example.com
EMP-443,EMP443,123443,emp443@example.com
EMP-444,EMP444,123444,emp444@example.com
EMP-445,EMP445,123445,emp445@example.com
EMP-446,EMP446,123446,emp446@example.com
EMP-447,EMP447,123447,emp447@example.com
EMP-448,EMP448,123448,emp448@example.com
EMP-449,EMP449,123449,emp449@example.com
EMP-450,EMP450,123450,emp450@example.com
EMP-451,EMP451,123451,emp451@example.com
EMP-452,EMP452,123452,emp452@example.com
EMP-453,EMP453,123453,emp453@example.com
EMP-454,EMP454,123454,emp454@example.com
EMP-455,EMP455,123455,emp455@example.com
EMP-456,EMP456,123456,emp456@example.com
EMP-457,EMP457,123457,emp457@example.com
EMP-458,EMP458,123458,emp458@example.com
EMP-459,EMP459,123459,emp459@example.com
EMP-460,EMP460,123460,emp460@example.com
EMP-461,EMP461,123461,emp461@example.com
EMP-462,EMP462,123462,emp462@example.com
EMP-463,EMP463,123463,emp463@example.com
EMP-464,EMP464,123464,emp464@example.com
EMP-465,EMP465,123465,emp465@example.com
EMP-466,EMP466,123466,emp466@example.com
EMP-467,EMP467,123467,emp467@example.com
EMP-468,EMP468,123468,emp468@example.com
EMP-469,EMP469,123469,emp469@example.com
EMP-470,EMP470,123470,emp470@example.com
EMP-471,EMP471,123471,emp471@example.com
EMP-472,EMP472,123472,emp472@example.com
EMP-473,EMP473,123473,emp473@example.com
EMP-474,EMP474,123474,emp474@example.com
EMP-475,EMP475,123475,emp475@example.com
EMP-476,EMP476,123476,emp476@example.com
EMP-477,EMP477,123477,emp477@example.com
EMP-478,EMP478,123478,emp478@example.com
EMP-479,EMP479,123479,emp479@example.com
EMP-480,EMP480,123480,emp480@example.com
EMP-481,EMP481,123481,emp481@example.com
EMP-482,EMP482,123482,emp482@example.com
EMP-483,EMP483,123483,emp483@example.com
EMP-484,EMP484,123484,emp484@example.com
EMP-485,EMP485,123485,emp485@example.com
EMP-486,EMP486,123486,emp486@example.com
EMP-487,EMP487,123487,emp487@example.com
EMP-488,EMP488,123488,emp488@example.com
EMP-489,EMP489,123489,emp489@example.com
EMP-490,EMP490,123490,emp490@example.com
EMP-491,EMP491,123491,emp491@example.com
EMP-492,EMP492,123492,emp492@example.com
EMP-493,EMP493,123493,emp493@example.com
EMP-494,EMP494,123494,emp494@example.com
EMP-495,EMP495,123495,emp495@example.com
EMP-496,EMP496,123496,emp496@example.com
EMP-497,EMP497,123497,emp497@example.com
EMP-498,EMP498,123498,emp498@example.com
EMP-499,EMP499,123499,emp499@example.com
EMP-500,EMP500,123500,emp500@example.com
